{
    "saldo": -2.8421709430404007e-13,
    "lucro_total": -2.1671553440683056e-13,
    "pnl_positivo": 0,
    "pnl_negativo": 0,
    "trades": []
}